Date-timestring,,consumo
00:00:00,0.0,264.8
00:01:00,0.0,260.1
00:02:00,0.0,262.1
00:03:00,0.0,268.3
00:04:00,0.0,1119.1
00:05:00,0.0,1368.4
00:06:00,0.0,1381.0
00:07:00,0.0,1394.7
00:08:00,0.0,1393.4
00:09:00,0.0,338.7
00:10:00,0.0,338.0
00:11:00,0.0,337.5
00:12:00,0.0,333.4
00:13:00,0.0,337.4
00:14:00,0.0,266.6
00:15:00,0.0,269.8
00:16:00,0.0,263.8
00:17:00,0.0,271.5
00:18:00,0.0,265.6
00:19:00,0.0,268.8
00:20:00,0.0,267.8
00:21:00,0.0,271.4
00:22:00,0.0,266.3
00:23:00,0.0,366.6
00:24:00,0.0,411.0
00:25:00,0.0,412.9
00:26:00,0.0,416.1
00:27:00,0.0,415.1
00:28:00,0.0,415.6
00:29:00,0.0,366.3
00:30:00,0.0,365.1
00:31:00,0.0,360.5
00:32:00,0.0,365.7
00:33:00,0.0,264.3
00:34:00,0.0,267.2
00:35:00,0.0,266.9
00:36:00,0.0,271.1
00:37:00,0.0,369.2
00:38:00,0.0,364.9
00:39:00,0.0,371.3
00:40:00,0.0,1223.6
00:41:00,0.0,1386.7
00:42:00,0.0,372.0
00:43:00,0.0,371.9
00:44:00,0.0,369.9
00:45:00,0.0,361.2
00:46:00,0.0,356.9
00:47:00,0.0,259.3
00:48:00,0.0,264.4
00:49:00,0.0,261.9
00:50:00,0.0,263.2
00:51:00,0.0,263.9
00:52:00,0.0,265.4
00:53:00,0.0,258.8
00:54:00,0.0,633.4
00:55:00,0.0,1354.4
00:56:00,0.0,1391.3
00:57:00,0.0,1468.7
00:58:00,0.0,1381.1
00:59:00,0.0,359.9
01:00:00,0.0,365.9
01:01:00,0.0,357.1
01:02:00,0.0,361.5
01:03:00,0.0,260.1
01:04:00,0.0,264.1
01:05:00,0.0,312.1
01:06:00,0.0,310.9
01:07:00,0.0,314.4
01:08:00,0.0,347.7
01:09:00,0.0,316.2
01:10:00,0.0,312.2
01:11:00,0.0,369.9
01:12:00,0.0,360.7
01:13:00,0.0,365.9
01:14:00,0.0,363.6
01:15:00,0.0,368.0
01:16:00,0.0,371.4
01:17:00,0.0,364.3
01:18:00,0.0,368.6
01:19:00,0.0,362.2
01:20:00,0.0,266.8
01:21:00,0.0,268.6
01:22:00,0.0,270.5
01:23:00,0.0,274.3
01:24:00,0.0,273.3
01:25:00,0.0,280.5
01:26:00,0.0,272.0
01:27:00,0.0,274.9
01:28:00,0.0,370.5
01:29:00,0.0,366.4
01:30:00,0.0,662.8
01:31:00,0.0,1334.4
01:32:00,0.0,1418.4
01:33:00,0.0,379.4
01:34:00,0.0,362.5
01:35:00,0.0,361.2
01:36:00,0.0,359.8
01:37:00,0.0,268.0
01:38:00,0.0,267.0
01:39:00,0.0,268.1
01:40:00,0.0,251.7
01:41:00,0.0,249.3
01:42:00,0.0,249.2
01:43:00,0.0,250.6
01:44:00,0.0,409.4
01:45:00,0.0,1300.1
01:46:00,0.0,1322.8
01:47:00,0.0,2181.7
01:48:00,0.0,1499.0
01:49:00,0.0,402.7
01:50:00,0.0,401.2
01:51:00,0.0,401.6
01:52:00,0.0,390.9
01:53:00,0.0,340.2
01:54:00,0.0,250.6
01:55:00,0.0,247.9
01:56:00,0.0,253.6
01:57:00,0.0,248.3
01:58:00,0.0,249.6
01:59:00,0.0,248.9
02:00:00,0.0,250.7
02:01:00,0.0,352.6
02:02:00,0.0,350.8
02:03:00,0.0,354.8
02:04:00,0.0,611.9
02:05:00,0.0,1293.5
02:06:00,0.0,338.5
02:07:00,0.0,340.9
02:08:00,0.0,343.5
02:09:00,0.0,330.0
02:10:00,0.0,332.3
02:11:00,0.0,235.3
02:12:00,0.0,239.6
02:13:00,0.0,235.5
02:14:00,0.0,237.3
02:15:00,0.0,234.7
02:16:00,0.0,236.6
02:17:00,0.0,236.0
02:18:00,0.0,963.4
02:19:00,0.0,1293.5
02:20:00,0.0,1299.5
02:21:00,0.0,1341.5
02:22:00,0.0,1343.7
02:23:00,0.0,339.8
02:24:00,0.0,341.8
02:25:00,0.0,339.2
02:26:00,0.0,334.1
02:27:00,0.0,235.1
02:28:00,0.0,239.8
02:29:00,0.0,235.3
02:30:00,0.0,281.3
02:31:00,0.0,286.6
02:32:00,0.0,278.1
02:33:00,0.0,284.8
02:34:00,0.0,286.3
02:35:00,0.0,1216.7
02:36:00,0.0,1320.4
02:37:00,0.0,1343.7
02:38:00,0.0,442.5
02:39:00,0.0,531.8
02:40:00,0.0,360.5
02:41:00,0.0,360.7
02:42:00,0.0,354.6
02:43:00,0.0,359.1
02:44:00,0.0,360.2
02:45:00,0.0,262.3
02:46:00,0.0,261.7
02:47:00,0.0,260.8
02:48:00,0.0,288.1
02:49:00,0.0,289.0
02:50:00,0.0,287.6
02:51:00,0.0,397.9
02:52:00,0.0,776.7
02:53:00,0.0,859.4
02:54:00,0.0,871.2
02:55:00,0.0,874.9
02:56:00,0.0,925.9
02:57:00,0.0,366.4
02:58:00,0.0,358.3
02:59:00,0.0,364.9
03:00:00,0.0,359.8
03:01:00,0.0,395.6
03:02:00,0.0,289.7
03:03:00,0.0,294.6
03:04:00,0.0,293.8
03:05:00,0.0,296.2
03:06:00,0.0,294.5
03:07:00,0.0,294.7
03:08:00,0.0,530.2
03:09:00,0.0,1211.8
03:10:00,0.0,1235.6
03:11:00,0.0,1219.5
03:12:00,0.0,1220.2
03:13:00,0.0,1341.3
03:14:00,0.0,417.4
03:15:00,0.0,420.0
03:16:00,0.0,414.5
03:17:00,0.0,413.8
03:18:00,0.0,280.9
03:19:00,0.0,270.9
03:20:00,0.0,269.6
03:21:00,0.0,272.3
03:22:00,0.0,270.1
03:23:00,0.0,270.7
03:24:00,0.0,271.7
03:25:00,0.0,579.1
03:26:00,0.0,1294.8
03:27:00,0.0,1327.9
03:28:00,0.0,1295.4
03:29:00,0.0,1299.6
03:30:00,0.0,1318.7
03:31:00,0.0,366.5
03:32:00,0.0,333.2
03:33:00,0.0,334.6
03:34:00,0.0,335.2
03:35:00,0.0,226.2
03:36:00,0.0,227.4
03:37:00,0.0,229.3
03:38:00,0.0,228.3
03:39:00,0.0,233.6
03:40:00,0.0,227.6
03:41:00,0.0,238.2
03:42:00,0.0,1106.8
03:43:00,0.0,1235.9
03:44:00,0.0,1297.6
03:45:00,0.0,1249.8
03:46:00,0.0,1262.4
03:47:00,0.0,1311.2
03:48:00,0.0,330.1
03:49:00,0.0,330.9
03:50:00,0.0,336.2
03:51:00,0.0,329.3
03:52:00,0.0,330.1
03:53:00,0.0,241.9
03:54:00,0.0,237.1
03:55:00,0.0,236.7
03:56:00,0.0,280.5
03:57:00,0.0,284.0
03:58:00,0.0,391.1
03:59:00,0.0,1262.2
04:00:00,0.0,1323.5
04:01:00,0.0,1255.9
04:02:00,0.0,1247.4
04:03:00,0.0,1256.1
04:04:00,0.0,1335.9
04:05:00,0.0,334.8
04:06:00,0.0,336.8
04:07:00,0.0,333.4
04:08:00,0.0,333.4
04:09:00,0.0,235.0
04:10:00,0.0,235.8
04:11:00,0.0,234.5
04:12:00,0.0,244.0
04:13:00,0.0,233.7
04:14:00,0.0,233.1
04:15:00,0.0,357.5
04:16:00,0.0,1196.9
04:17:00,0.0,1259.8
04:18:00,0.0,1253.8
04:19:00,0.0,1246.7
04:20:00,0.0,1257.4
04:21:00,0.0,1329.7
04:22:00,0.0,342.1
04:23:00,0.0,331.7
04:24:00,0.0,333.1
04:25:00,0.0,328.9
04:26:00,0.0,327.8
04:27:00,0.0,233.7
04:28:00,0.0,238.8
04:29:00,0.0,229.8
04:30:00,0.0,238.8
04:31:00,0.0,238.0
04:32:00,0.0,698.9
04:33:00,0.0,1225.3
04:34:00,0.0,1262.6
04:35:00,0.0,1250.1
04:36:00,0.0,1264.0
04:37:00,0.0,1330.3
04:38:00,0.0,1380.1
04:39:00,0.0,1450.2
04:40:00,0.0,383.8
04:41:00,0.0,380.8
04:42:00,0.0,380.9
04:43:00,0.0,382.6
04:44:00,0.0,238.9
04:45:00,0.0,238.0
04:46:00,0.0,234.0
04:47:00,0.0,237.4
04:48:00,0.0,235.4
04:49:00,0.0,1100.3
04:50:00,0.0,1231.5
04:51:00,0.0,1268.3
04:52:00,0.0,1242.1
04:53:00,0.0,1254.3
04:54:00,0.0,1312.8
04:55:00,0.0,1348.6
04:56:00,0.0,1418.6
04:57:00,0.0,339.8
04:58:00,0.0,332.2
04:59:00,0.0,333.0
05:00:00,0.0,323.4
05:01:00,0.0,330.2
05:02:00,0.0,239.4
05:03:00,0.0,236.6
05:04:00,0.0,234.8
05:05:00,0.0,235.1
05:06:00,0.0,1200.2
05:07:00,0.0,1229.1
05:08:00,0.0,1267.1
05:09:00,0.0,1250.4
05:10:00,0.0,1258.1
05:11:00,0.0,1339.6
05:12:00,0.0,1381.7
05:13:00,0.0,1467.3
05:14:00,0.0,1499.6
05:15:00,0.0,363.6
05:16:00,0.0,361.1
05:17:00,0.0,357.1
05:18:00,0.0,356.1
05:19:00,0.0,263.5
05:20:00,0.0,263.8
05:21:00,0.0,262.6
05:22:00,0.0,508.7
05:23:00,0.0,1267.0
05:24:00,0.0,1331.9
05:25:00,0.0,1341.6
05:26:00,0.0,1319.7
05:27:00,0.0,1324.0
05:28:00,0.0,1398.5
05:29:00,0.0,1367.7
05:30:00,0.0,581.1
05:31:00,0.0,563.0
05:32:00,0.0,391.2
05:33:00,0.0,385.8
05:34:00,0.0,389.3
05:35:00,0.0,384.2
05:36:00,0.0,287.9
05:37:00,0.0,293.4
05:38:00,0.0,304.6
05:39:00,0.0,688.2
05:40:00,0.0,768.2
05:41:00,0.0,798.9
05:42:00,0.0,801.7
05:43:00,0.0,846.8
05:44:00,0.0,918.4
05:45:00,0.0,935.4
05:46:00,0.0,948.9
05:47:00,0.0,1033.4
05:48:00,0.0,1091.5
05:49:00,0.0,1150.4
05:50:00,0.0,369.0
05:51:00,0.0,366.7
05:52:00,0.0,364.5
05:53:00,0.0,363.7
05:54:00,0.0,361.0
05:55:00,0.0,868.6
05:56:00,0.0,1232.3
05:57:00,0.0,1245.9
05:58:00,0.0,1270.5
05:59:00,0.0,1259.4
06:00:00,0.0,1334.2
06:01:00,0.0,1365.6
06:02:00,0.0,1394.8
06:03:00,0.0,1428.4
06:04:00,0.0,1473.9
06:05:00,0.0,1504.8
06:06:00,0.0,1623.8
06:07:00,0.0,374.5
06:08:00,0.0,374.5
06:09:00,0.0,375.4
06:10:00,0.0,372.7
06:11:00,0.0,380.6
06:12:00,0.0,419.8
06:13:00,0.0,1190.7
06:14:00,0.0,1221.7
06:15:00,0.0,1265.7
06:16:00,0.0,1256.7
06:17:00,0.0,1254.9
06:18:00,0.0,1336.5
06:19:00,0.0,1355.9
06:20:00,0.0,1392.6
06:21:00,0.0,1464.8
06:22:00,0.0,1479.5
06:23:00,0.0,1535.1
06:24:00,0.0,1616.0
06:25:00,0.0,326.2
06:26:00,0.0,322.6
06:27:00,0.0,334.8
06:28:00,0.0,333.6
06:29:00,0.0,393.4
06:30:00,0.0,966.8
06:31:00,0.0,1206.8
06:32:00,0.0,1240.3
06:33:00,0.0,1253.9
06:34:00,0.0,1265.4
06:35:00,0.0,1283.3
06:36:00,0.0,1355.9
06:37:00,0.0,1403.6
06:38:00,0.0,1426.9
06:39:00,0.0,1476.2
06:40:00,0.0,1526.8
06:41:00,0.0,1581.8
06:42:00,0.0,337.3
06:43:00,0.0,329.6
06:44:00,0.0,335.3
06:45:00,0.0,331.5
06:46:00,0.0,336.5
06:47:00,0.0,344.9
06:48:00,0.0,1215.6
06:49:00,0.0,1219.1
06:50:00,0.0,1228.8
06:51:00,0.0,1288.4
06:52:00,0.0,1299.6
06:53:00,0.0,1381.5
06:54:00,0.0,1406.5
06:55:00,0.0,1442.9
06:56:00,0.0,1481.6
06:57:00,0.0,1481.4
06:58:00,0.0,1538.5
06:59:00,0.0,1615.0
07:00:00,0.0,1643.8
07:01:00,0.0,1691.6
07:02:00,0.0,1700.6
07:03:00,0.0,1712.8
07:04:00,0.0,1724.9
07:05:00,0.0,1738.7
07:06:00,0.0,1814.1
07:07:00,0.0,1929.3
07:08:00,0.0,2075.4
07:09:00,0.0,2185.7
07:10:00,0.0,2267.3
07:11:00,0.0,2243.4
07:12:00,0.0,2294.5
07:13:00,0.0,2297.8
07:14:00,0.0,2316.9
07:15:00,0.0,1203.0
07:16:00,0.0,541.5
07:17:00,0.0,452.1
07:18:00,0.0,1112.6
07:19:00,0.0,328.1
07:20:00,0.0,2068.1
07:21:00,0.0,2180.8
07:22:00,0.0,2258.9
07:23:00,0.0,3076.2
07:24:00,0.0,3092.5
07:25:00,0.0,3129.2
07:26:00,0.0,3430.0
07:27:00,0.0,3674.1
07:28:00,0.0,4778.1
07:29:00,0.0,5001.8
07:30:00,0.0,5112.7
07:31:00,0.0,5259.0
07:32:00,0.0,5319.0
07:33:00,0.0,4499.1
07:34:00,0.0,3673.6
07:35:00,0.0,2643.2
07:36:00,0.0,2583.8
07:37:00,0.0,2542.0
07:38:00,0.0,2515.2
07:39:00,0.0,2550.9
07:40:00,0.0,2463.5
07:41:00,0.0,2295.8
07:42:00,0.0,2321.2
07:43:00,0.0,2305.3
07:44:00,0.0,3327.8
07:45:00,0.0,3317.9
07:46:00,0.0,3288.6
07:47:00,0.0,3290.2
07:48:00,0.0,3338.3
07:49:00,0.0,4204.7
07:50:00,0.0,4218.2
07:51:00,0.0,4279.2
07:52:00,0.0,5624.6
07:53:00,0.0,5622.2
07:54:00,0.0,5417.1
07:55:00,0.0,5537.0
07:56:00,0.0,5387.4
07:57:00,0.0,5496.7
07:58:00,0.0,5488.3
07:59:00,0.0,5503.9
08:00:00,0.0,5480.7
08:01:00,0.0,2449.6
08:02:00,0.0,924.5
08:03:00,0.0,568.8
08:04:00,0.0,682.7
08:05:00,0.0,1888.0
08:06:00,0.0,356.9
08:07:00,0.0,3967.9
08:08:00,0.0,4143.0
08:09:00,0.0,4477.8
08:10:00,0.0,4275.6
08:11:00,0.0,4550.9
08:12:00,0.0,4402.6
08:13:00,0.0,4694.9
08:14:00,0.0,4826.4
08:15:00,0.0,5008.3
08:16:00,0.0,5036.7
08:17:00,0.0,6417.2
08:18:00,0.0,5344.1
08:19:00,0.0,5384.5
08:20:00,0.0,5368.8
08:21:00,0.0,5360.4
08:22:00,0.0,4390.2
08:23:00,0.0,4435.9
08:24:00,0.0,3652.5
08:25:00,0.0,3532.6
08:26:00,0.0,2535.5
08:27:00,0.0,2512.4
08:28:00,0.0,2492.2
08:29:00,0.0,2418.7
08:30:00,0.0,2344.8
08:31:00,0.0,2313.6
08:32:00,0.0,2281.0
08:33:00,0.0,3267.7
08:34:00,0.0,3290.3
08:35:00,0.0,3287.9
08:36:00,0.0,3319.9
08:37:00,0.0,3293.5
08:38:00,0.0,4167.7
08:39:00,0.0,4168.0
08:40:00,0.0,4241.8
08:41:00,0.0,4262.3
08:42:00,0.0,4304.2
08:43:00,0.0,5299.7
08:44:00,82.0,5215.9
08:45:00,85.0,5380.0
08:46:00,89.0,5143.8
08:47:00,91.0,5154.9
08:48:00,97.0,2129.4
08:49:00,105.0,738.2
08:50:00,107.0,303.8
08:51:00,113.0,420.9
08:52:00,121.0,1854.6
08:53:00,124.0,316.6
08:54:00,157.0,3941.9
08:55:00,168.0,4068.7
08:56:00,176.0,4062.7
08:57:00,188.0,4161.7
08:58:00,202.0,4234.3
08:59:00,232.0,4332.1
09:00:00,253.0,4737.5
09:01:00,260.0,4791.3
09:02:00,274.0,4959.4
09:03:00,290.0,5126.6
09:04:00,311.0,5151.6
09:05:00,335.0,4249.2
09:06:00,347.0,4276.4
09:07:00,355.0,4310.3
09:08:00,368.0,3475.4
09:09:00,388.0,3448.7
09:10:00,404.0,3398.3
09:11:00,432.0,3436.3
09:12:00,462.0,3383.5
09:13:00,476.0,3444.0
09:14:00,509.0,3470.7
09:15:00,525.0,3533.9
09:16:00,542.0,2512.2
09:17:00,558.0,2485.9
09:18:00,576.0,2456.2
09:19:00,582.0,2433.7
09:20:00,583.0,2409.0
09:21:00,598.0,2310.9
09:22:00,623.0,2315.8
09:23:00,613.0,2320.8
09:24:00,632.0,2331.0
09:25:00,646.0,2530.1
09:26:00,686.0,3297.1
09:27:00,681.0,3296.8
09:28:00,715.0,3302.4
09:29:00,742.0,3284.7
09:30:00,755.0,3298.2
09:31:00,783.0,4190.6
09:32:00,804.0,4234.7
09:33:00,834.0,4257.8
09:34:00,843.0,4257.5
09:35:00,862.0,2207.0
09:36:00,872.0,336.7
09:37:00,885.0,321.3
09:38:00,896.0,481.5
09:39:00,935.0,279.1
09:40:00,950.0,3429.4
09:41:00,972.0,4048.8
09:42:00,995.0,4152.0
09:43:00,1032.0,4116.1
09:44:00,1063.0,4141.1
09:45:00,1087.0,4304.9
09:46:00,1115.0,4332.3
09:47:00,1139.0,4796.5
09:48:00,1156.0,5041.0
09:49:00,1182.0,5237.8
09:50:00,1215.0,5319.5
09:51:00,1239.0,3618.1
09:52:00,1262.0,2549.3
09:53:00,1269.0,2482.3
09:54:00,1291.0,2358.8
09:55:00,1320.0,2383.5
09:56:00,1341.0,2384.7
09:57:00,1359.0,2342.8
09:58:00,1375.0,2357.1
09:59:00,1377.0,2346.2
10:00:00,1390.0,2381.3
10:01:00,1428.0,2370.1
10:02:00,1451.0,2368.7
10:03:00,1466.0,2371.9
10:04:00,1478.0,2461.1
10:05:00,1492.0,2488.3
10:06:00,1506.0,2547.2
10:07:00,1522.0,2508.6
10:08:00,1555.0,2529.9
10:09:00,1575.0,2472.1
10:10:00,1598.0,2422.3
10:11:00,1612.0,2353.5
10:12:00,1621.0,2327.0
10:13:00,1670.0,2342.6
10:14:00,1690.0,2307.5
10:15:00,1706.0,2294.0
10:16:00,1726.0,2305.9
10:17:00,1750.0,2298.9
10:18:00,1772.0,2264.6
10:19:00,1794.0,3344.8
10:20:00,1819.0,4571.3
10:21:00,1855.0,3400.4
10:22:00,1890.0,2132.3
10:23:00,1918.0,326.8
10:24:00,1944.0,364.1
10:25:00,1954.0,477.3
10:26:00,1971.0,280.0
10:27:00,1981.0,2832.0
10:28:00,1997.0,2993.9
10:29:00,2005.0,4074.5
10:30:00,2025.0,4057.5
10:31:00,2040.0,4142.5
10:32:00,2049.0,4270.1
10:33:00,2077.0,4695.1
10:34:00,2079.0,5018.8
10:35:00,2096.0,5138.6
10:36:00,2116.0,4400.4
10:37:00,2122.0,3680.1
10:38:00,2137.0,2675.4
10:39:00,2147.0,3745.2
10:40:00,2161.0,2485.1
10:41:00,2166.0,2446.9
10:42:00,2179.0,3685.3
10:43:00,2196.0,2370.4
10:44:00,2196.0,2249.2
10:45:00,2215.0,2240.7
10:46:00,2232.0,2272.2
10:47:00,2247.0,2346.3
10:48:00,2263.0,2436.9
10:49:00,2285.0,2474.0
10:50:00,2303.0,2470.1
10:51:00,2321.0,2530.9
10:52:00,2351.0,4432.0
10:53:00,2377.0,4510.0
10:54:00,2395.0,4428.2
10:55:00,2415.0,4328.8
10:56:00,2438.0,4311.4
10:57:00,2450.0,4327.6
10:58:00,2468.0,4207.1
10:59:00,2479.0,4139.6
11:00:00,2496.0,4039.6
11:01:00,2509.0,3931.6
11:02:00,2526.0,3933.7
11:03:00,2541.0,2222.2
11:04:00,2551.0,4113.8
11:05:00,2569.0,4141.2
11:06:00,2582.0,4243.3
11:07:00,2593.0,4190.0
11:08:00,2604.0,3929.8
11:09:00,2620.0,3415.7
11:10:00,2634.0,2245.5
11:11:00,2661.0,576.4
11:12:00,2701.0,362.3
11:13:00,2722.0,2102.4
11:14:00,2741.0,1376.4
11:15:00,2762.0,1410.8
11:16:00,2779.0,1440.6
11:17:00,2798.0,1477.4
11:18:00,2809.0,1564.2
11:19:00,2818.0,3012.3
11:20:00,2832.0,2227.3
11:21:00,2844.0,2489.5
11:22:00,2859.0,4449.6
11:23:00,2874.0,4457.7
11:24:00,2889.0,4451.9
11:25:00,2900.0,4506.9
11:26:00,2908.0,4510.3
11:27:00,2930.0,4522.5
11:28:00,2943.0,4670.5
11:29:00,2961.0,3735.9
11:30:00,2982.0,3750.8
11:31:00,2996.0,3353.1
11:32:00,3011.0,3376.3
11:33:00,3030.0,4177.9
11:34:00,3044.0,5092.7
11:35:00,3050.0,5508.2
11:36:00,3058.0,5535.7
11:37:00,3072.0,5081.4
11:38:00,3081.0,4624.1
11:39:00,3090.0,5068.6
11:40:00,3108.0,5100.9
11:41:00,3110.0,5166.8
11:42:00,3121.0,3252.5
11:43:00,3133.0,3071.3
11:44:00,3141.0,2515.3
11:45:00,3149.0,2946.1
11:46:00,3160.0,2530.4
11:47:00,3181.0,2142.4
11:48:00,3198.0,1926.5
11:49:00,3207.0,1735.5
11:50:00,3217.0,1663.8
11:51:00,3228.0,2004.4
11:52:00,3235.0,1542.5
11:53:00,3246.0,1547.2
11:54:00,3253.0,1568.2
11:55:00,3266.0,1593.9
11:56:00,3273.0,1604.7
11:57:00,3273.0,1601.9
11:58:00,3282.0,1598.2
11:59:00,3288.0,1609.2
12:00:00,3299.0,328.6
12:01:00,3303.0,324.6
12:02:00,3315.0,369.7
12:03:00,3313.0,405.8
12:04:00,3319.0,371.4
12:05:00,3323.0,1396.0
12:06:00,3322.0,1408.4
12:07:00,3325.0,1444.3
12:08:00,3452.0,1418.2
12:09:00,3470.0,1420.2
12:10:00,3489.0,1452.2
12:11:00,3496.0,1485.0
12:12:00,3497.0,1476.8
12:13:00,3519.0,354.0
12:14:00,3542.0,354.3
12:15:00,3558.0,396.7
12:16:00,3591.0,395.3
12:17:00,3624.0,404.9
12:18:00,3632.0,308.6
12:19:00,3634.0,306.7
12:20:00,3636.0,302.9
12:21:00,3649.0,1816.9
12:22:00,3659.0,1293.3
12:23:00,3432.0,1320.8
12:24:00,3694.0,1369.2
12:25:00,3710.0,1379.4
12:26:00,3700.0,3011.2
12:27:00,3701.0,3393.3
12:28:00,3708.0,2922.1
12:29:00,3711.0,1909.8
12:30:00,3714.0,1910.9
12:31:00,3719.0,1693.1
12:32:00,3729.0,1661.0
12:33:00,3730.0,2071.7
12:34:00,3734.0,2033.0
12:35:00,3742.0,2086.7
12:36:00,3748.0,2060.9
12:37:00,3749.0,2059.3
12:38:00,3751.0,2089.8
12:39:00,3753.0,2032.9
12:40:00,3754.0,2095.2
12:41:00,3756.0,2183.1
12:42:00,3763.0,2176.2
12:43:00,3765.0,2144.3
12:44:00,3767.0,3038.8
12:45:00,3771.0,2587.2
12:46:00,3777.0,2518.8
12:47:00,3779.0,2171.9
12:48:00,3772.0,2118.5
12:49:00,3759.0,1915.2
12:50:00,3762.0,1897.6
12:51:00,3763.0,1786.6
12:52:00,3762.0,1814.9
12:53:00,3772.0,1880.6
12:54:00,3783.0,1818.2
12:55:00,3784.0,2468.1
12:56:00,3790.0,2944.6
12:57:00,3793.0,1505.1
12:58:00,3799.0,1574.6
12:59:00,3799.0,1404.3
13:00:00,3796.0,1467.2
13:01:00,3792.0,1362.0
13:02:00,3793.0,613.2
13:03:00,3789.0,635.5
13:04:00,3782.0,351.6
13:05:00,3777.0,344.1
13:06:00,3782.0,249.6
13:07:00,3771.0,237.2
13:08:00,3770.0,238.5
13:09:00,3778.0,238.7
13:10:00,3789.0,234.8
13:11:00,3786.0,262.1
13:12:00,3780.0,362.1
13:13:00,3792.0,362.1
13:14:00,3797.0,364.3
13:15:00,3787.0,538.1
13:16:00,3784.0,568.2
13:17:00,3784.0,520.7
13:18:00,3779.0,466.3
13:19:00,3768.0,636.1
13:20:00,3765.0,666.9
13:21:00,3761.0,511.2
13:22:00,3750.0,469.6
13:23:00,3743.0,356.8
13:24:00,3756.0,376.3
13:25:00,3761.0,300.2
13:26:00,3758.0,288.8
13:27:00,3741.0,304.4
13:28:00,3710.0,308.8
13:29:00,3755.0,1386.4
13:30:00,3744.0,1447.0
13:31:00,3736.0,1373.1
13:32:00,3731.0,1273.0
13:33:00,3731.0,1231.7
13:34:00,3726.0,1141.0
13:35:00,3730.0,362.3
13:36:00,3725.0,352.3
13:37:00,3722.0,366.2
13:38:00,3715.0,364.2
13:39:00,3722.0,433.9
13:40:00,3714.0,390.7
13:41:00,3710.0,401.6
13:42:00,3706.0,437.5
13:43:00,3698.0,553.9
13:44:00,3699.0,439.5
13:45:00,3698.0,544.6
13:46:00,3696.0,527.8
13:47:00,3678.0,537.1
13:48:00,3664.0,566.2
13:49:00,3667.0,482.1
13:50:00,3659.0,594.7
13:51:00,3643.0,530.1
13:52:00,3646.0,536.7
13:53:00,3633.0,789.0
13:54:00,3628.0,426.5
13:55:00,3618.0,447.5
13:56:00,3615.0,540.2
13:57:00,3608.0,389.2
13:58:00,3601.0,530.0
13:59:00,3591.0,310.0
14:00:00,3584.0,442.8
14:01:00,3575.0,454.3
14:02:00,3571.0,871.7
14:03:00,3553.0,1419.6
14:04:00,3555.0,1581.0
14:05:00,3549.0,1274.6
14:06:00,3537.0,1316.4
14:07:00,3519.0,1250.0
14:08:00,3516.0,482.5
14:09:00,3492.0,587.9
14:10:00,3474.0,568.4
14:11:00,3455.0,589.4
14:12:00,3451.0,459.4
14:13:00,3444.0,474.0
14:14:00,3443.0,445.2
14:15:00,3432.0,418.4
14:16:00,3411.0,504.9
14:17:00,3310.0,293.4
14:18:00,3390.0,384.5
14:19:00,3390.0,485.7
14:20:00,3383.0,538.6
14:21:00,3365.0,484.3
14:22:00,3345.0,504.9
14:23:00,3328.0,524.1
14:24:00,3308.0,502.3
14:25:00,3306.0,492.3
14:26:00,3295.0,513.5
14:27:00,3281.0,427.4
14:28:00,3271.0,450.5
14:29:00,3257.0,483.5
14:30:00,3248.0,355.8
14:31:00,3229.0,433.0
14:32:00,3213.0,324.8
14:33:00,3201.0,558.1
14:34:00,3192.0,460.8
14:35:00,3182.0,297.6
14:36:00,3164.0,441.7
14:37:00,3154.0,448.7
14:38:00,3147.0,435.1
14:39:00,3136.0,443.2
14:40:00,3121.0,446.3
14:41:00,3100.0,454.0
14:42:00,3091.0,696.2
14:43:00,3077.0,599.4
14:44:00,3055.0,607.0
14:45:00,3041.0,487.3
14:46:00,3027.0,936.6
14:47:00,3002.0,1093.9
14:48:00,2992.0,1036.2
14:49:00,2973.0,961.4
14:50:00,2956.0,1038.9
14:51:00,2944.0,571.8
14:52:00,2921.0,589.8
14:53:00,2908.0,589.6
14:54:00,2894.0,660.8
14:55:00,2872.0,550.8
14:56:00,2854.0,447.2
14:57:00,2840.0,401.5
14:58:00,2829.0,410.4
14:59:00,2815.0,407.5
15:00:00,2797.0,401.3
15:01:00,2782.0,408.2
15:02:00,2762.0,401.3
15:03:00,2744.0,379.4
15:04:00,2726.0,371.9
15:05:00,2706.0,363.0
15:06:00,2688.0,266.6
15:07:00,2666.0,275.3
15:08:00,2603.0,274.8
15:09:00,2578.0,377.1
15:10:00,2557.0,376.0
15:11:00,2532.0,501.7
15:12:00,2510.0,1059.6
15:13:00,2477.0,1124.8
15:14:00,2427.0,349.3
15:15:00,2398.0,355.6
15:16:00,2363.0,347.5
15:17:00,2336.0,377.4
15:18:00,2309.0,368.1
15:19:00,2245.0,277.7
15:20:00,2274.0,278.7
15:21:00,2245.0,283.2
15:22:00,2214.0,275.6
15:23:00,2188.0,259.8
15:24:00,2162.0,271.4
15:25:00,2133.0,276.1
15:26:00,2112.0,372.8
15:27:00,2090.0,375.6
15:28:00,2073.0,369.7
15:29:00,2056.0,365.4
15:30:00,2032.0,423.2
15:31:00,2044.0,442.7
15:32:00,2028.0,438.6
15:33:00,2011.0,437.6
15:34:00,1992.0,444.6
15:35:00,1973.0,348.8
15:36:00,1960.0,302.9
15:37:00,1945.0,296.2
15:38:00,1925.0,299.5
15:39:00,1923.0,300.6
15:40:00,1911.0,304.3
15:41:00,1895.0,307.2
15:42:00,1887.0,291.9
15:43:00,1875.0,386.3
15:44:00,1856.0,403.0
15:45:00,1820.0,395.4
15:46:00,1719.0,387.9
15:47:00,1617.0,980.6
15:48:00,1614.0,390.3
15:49:00,1600.0,384.3
15:50:00,1578.0,381.8
15:51:00,1555.0,382.7
15:52:00,1530.0,285.0
15:53:00,1607.0,281.9
15:54:00,1589.0,289.4
15:55:00,1571.0,287.0
15:56:00,1552.0,293.5
15:57:00,1534.0,294.4
15:58:00,1507.0,293.4
15:59:00,1492.0,392.2
16:00:00,1469.0,396.8
16:01:00,1443.0,390.2
16:02:00,1422.0,404.5
16:03:00,1404.0,390.2
16:04:00,1378.0,401.5
16:05:00,1360.0,393.7
16:06:00,1345.0,398.8
16:07:00,1315.0,390.5
16:08:00,1289.0,392.5
16:09:00,1270.0,421.0
16:10:00,1253.0,431.6
16:11:00,1228.0,511.6
16:12:00,1208.0,439.7
16:13:00,1183.0,437.1
16:14:00,1170.0,385.2
16:15:00,1158.0,387.8
16:16:00,1133.0,572.0
16:17:00,1113.0,1133.6
16:18:00,1079.0,1202.7
16:19:00,1049.0,966.0
16:20:00,1021.0,1029.7
16:21:00,1000.0,412.3
16:22:00,983.0,428.4
16:23:00,961.0,429.9
16:24:00,955.0,427.4
16:25:00,931.0,405.9
16:26:00,923.0,343.6
16:27:00,904.0,294.1
16:28:00,879.0,442.5
16:29:00,862.0,480.5
16:30:00,841.0,443.7
16:31:00,791.0,432.6
16:32:00,762.0,411.5
16:33:00,723.0,531.8
16:34:00,701.0,512.8
16:35:00,686.0,579.2
16:36:00,663.0,572.1
16:37:00,629.0,551.3
16:38:00,607.0,501.5
16:39:00,586.0,494.4
16:40:00,565.0,444.1
16:41:00,543.0,465.5
16:42:00,527.0,385.3
16:43:00,508.0,414.9
16:44:00,488.0,377.3
16:45:00,473.0,365.6
16:46:00,456.0,355.5
16:47:00,439.0,346.2
16:48:00,422.0,413.7
16:49:00,412.0,420.8
16:50:00,394.0,542.4
16:51:00,375.0,475.0
16:52:00,355.0,504.4
16:53:00,323.0,479.8
16:54:00,292.0,550.5
16:55:00,265.0,500.7
16:56:00,236.0,451.2
16:57:00,200.0,497.1
16:58:00,264.0,544.9
16:59:00,243.0,418.4
17:00:00,226.0,361.9
17:01:00,210.0,373.4
17:02:00,200.0,369.1
17:03:00,205.0,404.2
17:04:00,204.0,368.0
17:05:00,199.0,348.2
17:06:00,181.0,505.0
17:07:00,156.0,1222.5
17:08:00,148.0,1272.4
17:09:00,142.0,1150.3
17:10:00,133.0,417.7
17:11:00,122.0,414.4
17:12:00,115.0,414.3
17:13:00,106.0,405.3
17:14:00,97.0,507.4
17:15:00,91.0,511.4
17:16:00,79.0,360.0
17:17:00,68.0,424.3
17:18:00,61.0,407.8
17:19:00,52.0,350.1
17:20:00,49.0,334.9
17:21:00,49.0,335.8
17:22:00,47.0,348.8
17:23:00,44.0,444.5
17:24:00,40.0,436.5
17:25:00,37.0,396.8
17:26:00,34.0,440.5
17:27:00,31.0,462.2
17:28:00,27.0,512.0
17:29:00,25.0,455.2
17:30:00,23.0,446.5
17:31:00,22.0,433.4
17:32:00,19.0,435.1
17:33:00,16.0,341.5
17:34:00,null,354.7
17:35:00,13.0,419.7
17:36:00,10.0,362.7
17:37:00,9.0,367.7
17:38:00,7.0,367.3
17:39:00,6.0,458.6
17:40:00,2.0,591.3
17:41:00,0.0,536.9
17:42:00,0.0,604.7
17:43:00,0.0,561.3
17:44:00,0.0,569.0
17:45:00,0.0,520.9
17:46:00,0.0,627.3
17:47:00,0.0,601.1
17:48:00,0.0,537.5
17:49:00,0.0,463.7
17:50:00,0.0,465.9
17:51:00,0.0,554.5
17:52:00,0.0,546.1
17:53:00,0.0,536.0
17:54:00,0.0,471.3
17:55:00,0.0,455.1
17:56:00,0.0,543.9
17:57:00,0.0,629.7
17:58:00,0.0,643.1
17:59:00,0.0,649.4
18:00:00,0.0,662.1
18:01:00,0.0,1444.2
18:02:00,0.0,561.4
18:03:00,0.0,616.4
18:04:00,0.0,573.4
18:05:00,0.0,584.3
18:06:00,0.0,622.0
18:07:00,0.0,566.2
18:08:00,0.0,539.0
18:09:00,0.0,457.4
18:10:00,0.0,464.5
18:11:00,0.0,553.3
18:12:00,0.0,573.0
18:13:00,0.0,618.0
18:14:00,0.0,494.9
18:15:00,0.0,501.9
18:16:00,0.0,599.5
18:17:00,0.0,613.4
18:18:00,0.0,584.3
18:19:00,0.0,578.8
18:20:00,0.0,556.3
18:21:00,0.0,581.9
18:22:00,0.0,587.3
18:23:00,0.0,554.1
18:24:00,0.0,423.4
18:25:00,0.0,423.5
18:26:00,0.0,334.5
18:27:00,0.0,342.0
18:28:00,0.0,691.1
18:29:00,0.0,1409.2
18:30:00,0.0,1427.5
18:31:00,0.0,1465.8
18:32:00,0.0,415.1
18:33:00,0.0,446.7
18:34:00,0.0,470.1
18:35:00,0.0,570.1
18:36:00,0.0,516.6
18:37:00,0.0,519.3
18:38:00,0.0,439.4
18:39:00,0.0,441.9
18:40:00,0.0,439.5
18:41:00,0.0,436.1
18:42:00,0.0,430.8
18:43:00,0.0,437.0
18:44:00,0.0,451.3
18:45:00,0.0,426.8
18:46:00,0.0,587.4
18:47:00,0.0,635.7
18:48:00,0.0,567.5
18:49:00,0.0,532.5
18:50:00,0.0,557.4
18:51:00,0.0,555.9
18:52:00,0.0,605.5
18:53:00,0.0,597.3
18:54:00,0.0,701.1
18:55:00,0.0,621.7
18:56:00,0.0,491.4
18:57:00,0.0,503.6
18:58:00,0.0,476.1
18:59:00,0.0,456.6
19:00:00,0.0,505.9
19:01:00,0.0,511.1
19:02:00,0.0,464.4
19:03:00,0.0,439.8
19:04:00,0.0,566.3
19:05:00,0.0,528.4
19:06:00,0.0,477.1
19:07:00,0.0,542.1
19:08:00,0.0,525.6
19:09:00,0.0,633.6
19:10:00,0.0,661.1
19:11:00,0.0,664.0
19:12:00,0.0,628.4
19:13:00,0.0,582.3
19:14:00,0.0,601.1
19:15:00,0.0,558.8
19:16:00,0.0,579.1
19:17:00,0.0,509.4
19:18:00,0.0,511.9
19:19:00,0.0,516.4
19:20:00,0.0,555.9
19:21:00,0.0,615.1
19:22:00,0.0,626.0
19:23:00,0.0,601.3
19:24:00,0.0,603.3
19:25:00,0.0,627.1
19:26:00,0.0,647.4
19:27:00,0.0,609.7
19:28:00,0.0,639.1
19:29:00,0.0,645.7
19:30:00,0.0,623.5
19:31:00,0.0,500.5
19:32:00,0.0,523.2
19:33:00,0.0,564.0
19:34:00,0.0,1549.5
19:35:00,0.0,1614.9
19:36:00,0.0,1695.6
19:37:00,0.0,1475.0
19:38:00,0.0,625.3
19:39:00,0.0,606.6
19:40:00,0.0,583.2
19:41:00,0.0,579.9
19:42:00,0.0,583.6
19:43:00,0.0,475.2
19:44:00,0.0,474.6
19:45:00,0.0,477.8
19:46:00,0.0,478.6
19:47:00,0.0,492.0
19:48:00,0.0,478.7
19:49:00,0.0,488.2
19:50:00,0.0,616.1
19:51:00,0.0,585.2
19:52:00,0.0,598.4
19:53:00,0.0,588.0
19:54:00,0.0,568.4
19:55:00,0.0,584.5
19:56:00,0.0,608.6
19:57:00,0.0,604.7
19:58:00,0.0,574.7
19:59:00,0.0,480.1
20:00:00,0.0,524.0
20:01:00,0.0,483.5
20:02:00,0.0,506.2
20:03:00,0.0,489.6
20:04:00,0.0,482.0
20:05:00,0.0,540.3
20:06:00,0.0,481.1
20:07:00,0.0,512.4
20:08:00,0.0,584.1
20:09:00,0.0,625.6
20:10:00,0.0,600.3
20:11:00,0.0,595.8
20:12:00,0.0,609.3
20:13:00,0.0,598.7
20:14:00,0.0,631.1
20:15:00,0.0,669.5
20:16:00,0.0,641.1
20:17:00,0.0,651.9
20:18:00,0.0,556.1
20:19:00,0.0,570.9
20:20:00,0.0,562.6
20:21:00,0.0,533.5
20:22:00,0.0,559.9
20:23:00,0.0,538.8
20:24:00,0.0,572.3
20:25:00,0.0,549.4
20:26:00,0.0,533.6
20:27:00,0.0,545.2
20:28:00,0.0,642.3
20:29:00,0.0,630.3
20:30:00,0.0,664.2
20:31:00,0.0,1575.2
20:32:00,0.0,1662.8
20:33:00,0.0,735.1
20:34:00,0.0,745.0
20:35:00,0.0,752.2
20:36:00,0.0,754.0
20:37:00,0.0,935.2
20:38:00,0.0,619.2
20:39:00,0.0,782.4
20:40:00,0.0,657.0
20:41:00,0.0,626.3
20:42:00,0.0,636.8
20:43:00,0.0,643.9
20:44:00,0.0,739.7
20:45:00,0.0,2128.6
20:46:00,0.0,2036.4
20:47:00,0.0,2111.1
20:48:00,0.0,2813.0
20:49:00,0.0,2822.5
20:50:00,0.0,2310.9
20:51:00,0.0,1896.0
20:52:00,0.0,1894.1
20:53:00,0.0,1866.2
20:54:00,0.0,1765.8
20:55:00,0.0,1711.1
20:56:00,0.0,2809.8
20:57:00,0.0,3982.8
20:58:00,0.0,4067.9
20:59:00,0.0,3858.7
21:00:00,0.0,672.7
21:01:00,0.0,1862.5
21:02:00,0.0,1794.2
21:03:00,0.0,670.6
21:04:00,0.0,1802.8
21:05:00,0.0,520.4
21:06:00,0.0,516.8
21:07:00,0.0,619.4
21:08:00,0.0,607.3
21:09:00,0.0,624.6
21:10:00,0.0,561.4
21:11:00,0.0,585.3
21:12:00,0.0,589.1
21:13:00,0.0,582.7
21:14:00,0.0,625.3
21:15:00,0.0,584.2
21:16:00,0.0,467.8
21:17:00,0.0,492.8
21:18:00,0.0,569.3
21:19:00,0.0,564.6
21:20:00,0.0,596.6
21:21:00,0.0,580.7
21:22:00,0.0,589.5
21:23:00,0.0,568.9
21:24:00,0.0,588.2
21:25:00,0.0,567.0
21:26:00,0.0,556.6
21:27:00,0.0,474.9
21:28:00,0.0,484.0
21:29:00,0.0,483.4
21:30:00,0.0,492.6
21:31:00,0.0,465.7
21:32:00,0.0,486.3
21:33:00,0.0,889.3
21:34:00,0.0,455.5
21:35:00,0.0,1600.3
21:36:00,0.0,1949.0
21:37:00,0.0,1972.2
21:38:00,0.0,1910.3
21:39:00,0.0,1838.9
21:40:00,0.0,1041.2
21:41:00,0.0,1066.8
21:42:00,0.0,913.3
21:43:00,0.0,943.8
21:44:00,0.0,891.7
21:45:00,0.0,625.8
21:46:00,0.0,611.8
21:47:00,0.0,669.2
21:48:00,0.0,688.9
21:49:00,0.0,858.6
21:50:00,0.0,754.5
21:51:00,0.0,837.3
21:52:00,0.0,781.3
21:53:00,0.0,962.7
21:54:00,0.0,932.6
21:55:00,0.0,937.2
21:56:00,0.0,925.0
21:57:00,0.0,997.0
21:58:00,0.0,906.4
21:59:00,0.0,953.3
22:00:00,0.0,934.1
22:01:00,0.0,870.6
22:02:00,0.0,901.2
22:03:00,0.0,818.5
22:04:00,0.0,836.9
22:05:00,0.0,896.5
22:06:00,0.0,800.7
22:07:00,0.0,873.2
22:08:00,0.0,953.8
22:09:00,0.0,1677.3
22:10:00,0.0,1759.3
22:11:00,0.0,1771.1
22:12:00,0.0,1802.8
22:13:00,0.0,738.7
22:14:00,0.0,727.3
22:15:00,0.0,863.8
22:16:00,0.0,591.5
22:17:00,0.0,666.5
22:18:00,0.0,564.6
22:19:00,0.0,565.7
22:20:00,0.0,563.4
22:21:00,0.0,562.3
22:22:00,0.0,553.5
22:23:00,0.0,568.6
22:24:00,0.0,540.2
22:25:00,0.0,912.7
22:26:00,0.0,1492.3
22:27:00,0.0,1569.5
22:28:00,0.0,1413.7
22:29:00,0.0,1323.8
22:30:00,0.0,585.9
22:31:00,0.0,604.0
22:32:00,0.0,600.9
22:33:00,0.0,589.6
22:34:00,0.0,513.9
22:35:00,0.0,563.8
22:36:00,0.0,562.8
22:37:00,0.0,567.3
22:38:00,0.0,571.5
22:39:00,0.0,541.1
22:40:00,0.0,470.9
22:41:00,0.0,495.5
22:42:00,0.0,598.2
22:43:00,0.0,581.7
22:44:00,0.0,1391.3
22:45:00,0.0,1398.6
22:46:00,0.0,1449.9
22:47:00,0.0,606.1
22:48:00,0.0,607.3
22:49:00,0.0,561.2
22:50:00,0.0,567.1
22:51:00,0.0,575.9
22:52:00,0.0,479.6
22:53:00,0.0,502.1
22:54:00,0.0,490.5
22:55:00,0.0,418.8
22:56:00,0.0,583.3
22:57:00,0.0,411.8
22:58:00,0.0,476.8
22:59:00,0.0,1391.4
23:00:00,0.0,1475.6
23:01:00,0.0,1576.0
23:02:00,0.0,1634.1
23:03:00,0.0,1502.5
23:04:00,0.0,577.3
23:05:00,0.0,567.6
23:06:00,0.0,597.6
23:07:00,0.0,518.4
23:08:00,0.0,426.0
23:09:00,0.0,352.6
23:10:00,0.0,363.6
23:11:00,0.0,473.8
23:12:00,0.0,426.2
23:13:00,0.0,418.0
23:14:00,0.0,428.4
23:15:00,0.0,547.0
23:16:00,0.0,1448.7
23:17:00,0.0,1521.8
23:18:00,0.0,1551.2
23:19:00,0.0,1579.0
23:20:00,0.0,486.3
23:21:00,0.0,472.2
23:22:00,0.0,432.7
23:23:00,0.0,433.0
23:24:00,0.0,444.5
23:25:00,0.0,329.9
23:26:00,0.0,332.8
23:27:00,0.0,329.7
23:28:00,0.0,367.5
23:29:00,0.0,322.7
23:30:00,0.0,309.8
23:31:00,0.0,358.1
23:32:00,0.0,637.3
23:33:00,0.0,1454.4
23:34:00,0.0,1534.2
23:35:00,0.0,1583.6
23:36:00,0.0,1484.1
23:37:00,0.0,389.1
23:38:00,0.0,362.8
23:39:00,0.0,358.7
23:40:00,0.0,356.9
23:41:00,0.0,243.9
23:42:00,0.0,241.1
23:43:00,0.0,287.9
23:44:00,0.0,291.4
23:45:00,0.0,294.2
23:46:00,0.0,289.2
23:47:00,0.0,283.4
23:48:00,0.0,239.8
23:49:00,0.0,1097.0
23:50:00,0.0,1267.4
23:51:00,0.0,1363.8
23:52:00,0.0,1396.8
23:53:00,0.0,1438.7
23:54:00,0.0,332.2
23:55:00,0.0,346.3
23:56:00,0.0,337.6
23:57:00,0.0,343.8
23:58:00,0.0,329.5
23:59:00,0.0,240.3
